sitename,county,aqi,pollutant,status,so2,co,o3,o3_8hr,pm10,pm2.5,no2,nox,no,wind_speed,wind_direc,publishtime,co_8hr,pm2.5_avg,pm10_avg,so2_avg,longitude,latitude,siteid
基隆,基隆市,36,,良好,2.6,0.22,35,39,17,5,12,14.2,1.8,0.7,287,2026/02/26 16:00:00,0.2,4.4,16,1,121.760056,25.129167,1
汐止,新北市,33,,良好,5.8,0.23,32,33,19,9,14,16.5,1.9,1.6,54,2026/02/26 16:00:00,0.2,7,18,1,121.64081,25.06624,2
新店,新北市,43,,良好,2.8,0.36,28,35,25,10,18,21.3,2.5,0.5,23,2026/02/26 16:00:00,0.2,6.4,19,0,121.537778,24.977222,4
土城,新北市,52,二氧化氮,普通,2.1,0.47,23,34,33,10,24,27.2,2.4,0.3,129,2026/02/26 16:00:00,0.3,5.5,21,0,121.451861,24.982528,5
板橋,新北市,52,二氧化氮,普通,2.8,0.51,25,33,26,14,24,28.2,3.3,1,79,2026/02/26 16:00:00,0.3,11.5,20,1,121.458667,25.012972,6
新莊,新北市,40,,良好,1.1,0.35,32,37,32,9,17,20,2.6,2.4,34,2026/02/26 16:00:00,0.3,8.9,,0,121.4325,25.037972,7
菜寮,新北市,45,,良好,0.9,0.44,28,35,28,8,19,22.5,2.5,1.1,121,2026/02/26 16:00:00,0.3,7.4,18,1,121.481028,25.06895,8
林口,新北市,33,,良好,1.2,0.18,41,36,26,8,5,6.2,0.8,2.2,329,2026/02/26 16:00:00,0.2,7.6,17,1,121.36548982,25.07798949,9
淡水,新北市,33,,良好,0.6,0.25,33,36,20,9,6,7.6,0.9,,,2026/02/26 16:00:00,0.2,7,14,0,121.449239,25.1645,10
士林,臺北市,33,,良好,0.5,0.27,33,36,20,6,11,12.8,1.4,0.4,353,2026/02/26 16:00:00,0.2,6.3,15,0,121.51666356,25.10334003,11
中山,臺北市,45,,良好,1.1,0.38,28,31,29,15,19,22.3,2.7,1.8,128,2026/02/26 16:00:00,0.3,9.8,23,0,121.526528,25.062361,12
萬華,臺北市,54,二氧化氮,普通,1.9,0.41,20,30,25,10,27,30.6,3.5,1.2,77,2026/02/26 16:00:00,0.3,8.1,20,1,121.507972,25.046503,13
古亭,臺北市,43,,良好,3.1,0.32,26,33,30,12,18,20.5,1.9,0.3,6,2026/02/26 16:00:00,0.2,7.6,23,1,121.529556,25.020608,14
松山,臺北市,53,二氧化氮,普通,4.2,0.32,22,31,24,11,25,29.6,4,1.1,78,2026/02/26 16:00:00,0.2,9.5,18,1,121.578611,25.05,15
大同,臺北市,61,二氧化氮,普通,1.1,0.98,12,19,28,13,38,70.3,31.4,-,-,2026/02/26 16:00:00,0.7,11.8,17,1,121.51342074,25.06331455,16
桃園,桃園市,38,,良好,2.3,0.34,39,40,28,8,,,,2.2,356,2026/02/26 16:00:00,0.3,6.9,23,0,121.30500531,24.9947107,17
大園,桃園市,37,,良好,0.4,0.21,44,38,25,9,6,7.8,1.2,3.8,19,2026/02/26 16:00:00,0.2,7.7,22,1,121.20251473,25.06100357,18
觀音,桃園市,39,,良好,0.5,0.18,46,42,26,6,4,5.2,1,3.1,59,2026/02/26 16:00:00,0.1,6,22,0,121.08283092,25.03556747,19
平鎮,桃園市,48,,良好,0.8,0.28,37,37,34,7,13,15.4,2.1,1.3,40,2026/02/26 16:00:00,0.3,7.8,29,0,121.203986,24.952786,20
龍潭,桃園市,53,細懸浮微粒,普通,2.3,0.3,43,41,38,14,17,18.2,1,3.1,336,2026/02/26 16:00:00,0.3,13.1,28,1,121.21645772,24.86400048,21
湖口,新竹縣,40,,良好,0.6,0.19,48,43,28,9,3,3.6,0,2.8,20,2026/02/26 16:00:00,0.2,7.5,24,0,121.03886894,24.90009696,22
竹東,新竹縣,54,細懸浮微粒,普通,1.2,0.28,53,42,39,16,12,14.2,1.5,2.9,314,2026/02/26 16:00:00,0.2,13.7,29,0,121.08895493,24.74091408,23
新竹,新竹市,45,,良好,1,0.25,46,41,35,7,6,7.1,0.9,1.3,35,2026/02/26 16:00:00,0.3,7.3,27,1,120.97236752,24.8056356,24
頭份,苗栗縣,55,懸浮微粒,普通,0.5,0.22,47,40,43,10,3,5.4,1.4,3.8,349,2026/02/26 16:00:00,0.2,8.4,35,1,120.89869286,24.69690679,25
苗栗,苗栗縣,43,,良好,3.4,0.23,50,42,30,14,5,7.2,1.3,3.1,11,2026/02/26 16:00:00,0.2,10.6,24,1,120.82011468,24.56499183,26
三義,苗栗縣,54,細懸浮微粒,普通,1.3,0.24,61,47,39,15,6,7.2,0.9,1.4,355,2026/02/26 16:00:00,0.2,13.5,28,0,120.75956754,24.38248443,27
豐原,臺中市,58,細懸浮微粒,普通,1.3,0.28,61,49,43,20,10,11.9,1.2,2,294,2026/02/26 16:00:00,0.3,15,35,1,120.74252414,24.25699731,28
沙鹿,臺中市,50,,良好,0.8,0.21,54,43,39,11,4,5.3,0.7,3.8,330,2026/02/26 16:00:00,0.2,10.9,30,0,120.568794,24.225628,29
大里,臺中市,,,,,,,,,,,,,2.2,251,2026/02/26 16:00:00,,,,1,120.67844444,24.09961111,30
忠明,臺中市,57,細懸浮微粒,普通,1.4,0.25,49,39,37,14,8,10,2,1.4,265,2026/02/26 16:00:00,0.3,14.6,32,1,120.641092,24.151958,31
西屯,臺中市,52,懸浮微粒,普通,1.7,0.23,49,48,41,13,7,6.8,0,2.5,293,2026/02/26 16:00:00,0.2,10.5,32,1,120.616917,24.162197,32
彰化,彰化縣,57,懸浮微粒,普通,3.6,0.35,45,37,52,16,11,13,1.5,2.1,328,2026/02/26 16:00:00,0.3,14.2,36,1,120.541519,24.066,33
線西,彰化縣,59,細懸浮微粒,普通,1.7,0.24,46,40,39,15,7,10.5,2.9,4.2,329,2026/02/26 16:00:00,0.2,15.4,34,1,120.469061,24.131672,34
二林,彰化縣,69,懸浮微粒,普通,1.9,0.22,53,46,49,16,1,3.1,1.3,2.6,313,2026/02/26 16:00:00,0.2,14.6,47,2,120.409653,23.925175,35
南投,南投縣,71,細懸浮微粒,普通,1.2,0.21,55,47,35,20,4,5.3,1,1.8,249,2026/02/26 16:00:00,0.3,19.8,39,0,120.685306,23.913,36
斗六,雲林縣,71,細懸浮微粒,普通,2.2,0.21,56,48,50,21,5,6.3,1,2.4,291,2026/02/26 16:00:00,0.2,19.7,44,1,120.544994,23.711853,37
崙背,雲林縣,65,懸浮微粒,普通,1.4,0.19,49,43,52,14,2,3.3,0.8,2.1,301,2026/02/26 16:00:00,0.2,14.6,44,1,120.348742,23.757547,38
新港,嘉義縣,78,懸浮微粒,普通,2.1,0.19,56,45,77,20,3,4.8,1.3,3.3,294,2026/02/26 16:00:00,0.2,17.4,55,1,120.345531,23.554839,39
朴子,嘉義縣,62,懸浮微粒,普通,1.4,0.21,54,46,46,14,3,4.6,0.9,2.4,327,2026/02/26 16:00:00,0.2,14.1,41,1,120.2478,23.46538,40
臺西,雲林縣,62,懸浮微粒,普通,1.9,0.18,51,43,42,14,5,7,1.9,3.2,345,2026/02/26 16:00:00,0.2,12.9,41,1,120.19933333,23.702175,41
嘉義,嘉義市,75,細懸浮微粒,普通,3.4,0.25,54,45,49,16,5,5.9,0.7,2.7,334,2026/02/26 16:00:00,0.3,21.1,47,2,120.44125148,23.46477865,42
新營,臺南市,67,懸浮微粒,普通,1.3,0.2,47,41,51,23,5,6,0.7,2.3,323,2026/02/26 16:00:00,0.2,17.2,45,1,120.31725,23.305633,43
善化,臺南市,68,懸浮微粒,普通,0.7,0.17,51,41,36,12,4,5.3,0.6,3.4,340,2026/02/26 16:00:00,0.2,15.6,46,1,120.29740529,23.11337642,44
安南,臺南市,73,懸浮微粒,普通,1.4,0.22,53,41,66,19,3,5,1.3,2.6,299,2026/02/26 16:00:00,0.3,16.4,51,1,120.2175,23.048197,45
臺南,臺南市,62,細懸浮微粒,普通,1.6,0.25,55,42,42,13,6,7.6,0.9,2.2,336,2026/02/26 16:00:00,0.3,16.7,38,1,120.21947897,22.98928311,46
美濃,高雄市,74,懸浮微粒,普通,1.6,0.25,71,57,44,14,5,5.7,0.3,1.6,274,2026/02/26 16:00:00,0.2,20.4,52,1,120.530542,22.883583,47
橋頭,高雄市,70,細懸浮微粒,普通,1,0.26,51,41,33,19,7,9,1.6,2.5,281,2026/02/26 16:00:00,0.3,19.6,36,1,120.305689,22.757506,48
仁武,高雄市,72,細懸浮微粒,普通,1.6,0.26,56,44,39,14,6,8.3,1.3,2.4,298,2026/02/26 16:00:00,0.3,20,47,1,120.332631,22.689056,49
鳳山,高雄市,69,細懸浮微粒,普通,1.8,0.51,55,44,40,14,11,12.7,1.1,1.1,275,2026/02/26 16:00:00,0.5,19.2,43,2,120.357422,22.628126,50
大寮,高雄市,97,細懸浮微粒,普通,5.6,0.55,45,46,51,20,18,21.7,3.3,1.8,258,2026/02/26 16:00:00,0.6,29.3,63,2,120.425311,22.56413611,51
林園,高雄市,84,細懸浮微粒,普通,1.2,0.22,53,52,44,13,5,5.9,0.4,2.8,285,2026/02/26 16:00:00,0.3,24.5,55,1,120.41175,22.4795,52
楠梓,高雄市,78,懸浮微粒,普通,1.5,0.26,,42,45,,7,8.6,1.2,2.4,270,2026/02/26 16:00:00,0.3,19.3,55,1,120.328289,22.733667,53
左營,高雄市,66,細懸浮微粒,普通,0.8,0.2,54,44,34,7,3,4.6,0.8,3.8,292,2026/02/26 16:00:00,0.3,18,44,1,120.292917,22.674861,54
前金,高雄市,62,細懸浮微粒,普通,0.6,0.22,55,44,32,14,7,8.8,1.2,3.5,353,2026/02/26 16:00:00,0.3,16.5,41,0,120.28676111,22.63390278,56
前鎮,高雄市,65,細懸浮微粒,普通,1.4,0.22,52,45,42,11,9,10.1,1.1,1.2,315,2026/02/26 16:00:00,0.4,17.7,43,2,120.30833356,22.6044507,57
小港,高雄市,78,細懸浮微粒,普通,3.1,0.21,43,39,42,10,14,17.6,2.7,3.2,268,2026/02/26 16:00:00,0.3,22.2,52,2,120.337736,22.565833,58
屏東,屏東縣,93,細懸浮微粒,普通,1.1,0.33,79,60,49,21,8,9,0.9,2.4,259,2026/02/26 16:00:00,0.5,28,63,1,120.488033,22.673081,59
潮州,屏東縣,76,細懸浮微粒,普通,1.2,0.28,63,57,39,14,8,11.3,2.4,2.9,228,2026/02/26 16:00:00,0.3,21.5,48,0,120.561175,22.523108,60
恆春,屏東縣,42,,良好,0.6,0.19,47,45,2,5,0,2.2,1.2,3.8,57,2026/02/26 16:00:00,0.1,4.1,6,0,120.788928,21.958069,61
臺東,臺東縣,39,,良好,0.8,0.24,44,42,10,4,3,4,0.9,1.4,44,2026/02/26 16:00:00,0.2,4.2,8,0,121.15045,22.755358,62
花蓮,花蓮縣,37,,良好,0.5,0.22,47,40,9,4,1,1.9,0.5,0.9,131,2026/02/26 16:00:00,0.2,4.4,9,0,121.599769,23.971306,63
陽明,臺北市,34,,良好,1.7,0.23,34,37,12,8,2,3.8,0.9,,,2026/02/26 16:00:00,0.2,3.9,10,1,121.529583,25.182722,64
宜蘭,宜蘭縣,41,,良好,1,0.24,50,44,19,9,4,5.5,0.9,1.5,134,2026/02/26 16:00:00,0.2,6.5,15,0,121.746394,24.747917,65
冬山,宜蘭縣,33,,良好,0.8,0.35,32,31,37,13,14,18.2,4.2,0.8,1,2026/02/26 16:00:00,0.2,8.3,19,0,121.792928,24.632203,66
三重,新北市,62,二氧化氮,普通,1,0.92,12,17,30,14,39,78.5,39.5,-,-,2026/02/26 16:00:00,0.8,9.8,25,1,121.493806,25.072611,67
中壢,桃園市,55,二氧化氮,普通,1.4,0.52,22,22,44,12,28,42.6,13.9,0.7,19,2026/02/26 16:00:00,0.6,10.7,31,1,121.221667,24.953278,68
竹山,南投縣,74,細懸浮微粒,普通,2.4,0.19,57,47,39,21,5,5.6,0.2,1.3,212,2026/02/26 16:00:00,0.2,21,41,1,120.677306,23.756389,69
永和,新北市,54,二氧化氮,普通,2.8,0.64,20,28,33,11,26,33.9,7.9,0.4,61,2026/02/26 16:00:00,0.5,9.4,23,1,121.516306,25.017,70
復興,高雄市,75,細懸浮微粒,普通,1,0.25,50,40,47,13,8,10.6,2.4,0.8,212,2026/02/26 16:00:00,0.4,21.3,52,1,120.312017,22.608711,71
埔里,南投縣,65,細懸浮微粒,普通,,0.24,51,39,40,20,,,,2.5,287,2026/02/26 16:00:00,0.2,17.6,35,1,120.967903,23.968842,72
馬祖,連江縣,84,細懸浮微粒,普通,1.5,0.42,26,32,25,21,15,16.7,1.7,1,19,2026/02/26 16:00:00,0.4,24.7,30,1,119.952724,26.153736,75
金門,金門縣,58,細懸浮微粒,普通,1.2,0.28,50,44,21,15,8,8.6,0.1,1.6,113,2026/02/26 16:00:00,0.2,15.1,20,1,118.312256,24.432133,77
馬公,澎湖縣,70,懸浮微粒,普通,0.3,0.18,51,45,50,17,3,3.6,0.5,3.4,3,2026/02/26 16:00:00,0.1,15.3,48,0,119.566158,23.569031,78
關山,臺東縣,31,,良好,0.5,0.19,41,34,4,4,1,3,1.1,2.4,186,2026/02/26 16:00:00,0.1,3.9,8,0,121.161933,23.045083,80
麥寮,雲林縣,58,懸浮微粒,普通,1.2,0.19,49,43,45,15,2,4.7,2.4,3,332,2026/02/26 16:00:00,0.2,13.7,37,1,120.251825,23.753506,83
富貴角,新北市,54,懸浮微粒,普通,0.4,0.13,54,49,33,9,1,1.7,0,7.1,34,2026/02/26 16:00:00,0.1,9.1,34,0,121.53656894,25.29681695,84
大城,彰化縣,63,懸浮微粒,普通,0.7,0.16,53,46,51,18,0,2.9,2.3,3.6,307,2026/02/26 16:00:00,0.2,15.7,42,1,120.26964167,23.85493056,85
臺灣大道,臺中市,60,細懸浮微粒,普通,1.5,0.57,43,37,42,16,19,33.4,13.6,0.4,327,2026/02/26 16:00:00,0.7,15.9,35,0,120.6567111,24.1589,88
員林,彰化縣,66,細懸浮微粒,普通,2.1,0.24,57,48,48,18,5,6.5,1.5,2.5,291,2026/02/26 16:00:00,0.3,17.8,44,1,120.5631893,23.9615945,139
林森,臺南市,64,懸浮微粒,普通,0.4,0.36,53,39,39,17,9,11.3,2.2,1.8,206,2026/02/26 16:00:00,0.4,16.7,43,1,120.22216042,22.98522502,140
南投（鹿谷）,南投縣,79,細懸浮微粒,普通,1.6,0.24,58,50,53,21,6,6.6,0.6,0.9,289,2026/02/26 16:00:00,0.2,22.6,47,1,120.7944772,23.71867609,203
屏東（琉球）,屏東縣,81,細懸浮微粒,普通,1.1,0.19,61,56,31,14,3,3.6,0.5,2.6,321,2026/02/26 16:00:00,0.3,23.5,55,1,120.37722,22.35222,204
新北（樹林）,新北市,55,二氧化氮,普通,1.5,0.42,28,32,28,11,29,32,2.4,0.7,302,2026/02/26 16:00:00,0.3,10.7,20,0,121.38352778,24.94902778,311
屏東（枋山）,屏東縣,93,臭氧八小時,普通,1.1,0.28,82,68,43,18,3,4,0.2,1.6,286,2026/02/26 16:00:00,0.2,20.9,42,0,120.651472,22.260899,313
